relative_path	bytes	sha256	modified_utc
PAL_ONCS.json	31509	0b6f24af6d98f530a399d4ce0173d762671bebe9a85523a33392fe26a97e2f8b	2026-08-01T07:08:30Z
PAL_abi_custody.json	112342	212f3b0d02c4846183c1106ed64fbc1afa1ae00c8fff7c1ecca6479e4d1c5723	2026-08-01T07:08:30Z
PAL_abi_custody.pre_emitter_v52.json	110146	e53e3f02bf5ec9f1177dc1decb864255686f1a207e83572f86dd19d37f044ea9	2026-08-01T07:08:24Z
PAL_abi_final_authority.json	3240	29b8aa821e5250a06d5c82df38d4d8fe43ee2a70353ff6b23fb27ac2a72e03c6	2026-08-01T07:08:30Z
PAL_abi_plan_alias_audit.json	154682	4e973390fb25f049ceeb9ef2149fb319f4657388ae81188e90e52e8c35751ae0	2026-08-01T07:08:30Z
PAL_abi_plan_alias_audit.pre_emitter_v52.json	153405	95be6c36911f85bd42debfe57f6f521b04148b67d628883429f1df164e9b38c3	2026-08-01T07:08:24Z
PAL_abi_plan_index.json	3662803	bcacdff8f251177b2b432aaa08f106559963914c84588345c1a0f2af7c7ff032	2026-08-01T07:08:30Z
PAL_abi_plan_index.pre_emitter_v52.json	3661287	7fba44077ac4a7ff58d310886150a3749df7512308a945283884fdff68cfe597	2026-08-01T07:08:24Z
PAL_dispatch.py	15229	dd248b4a97ff629ab3234ae9b09c9bb1f33573a32f310f9a83755858c02374eb	2026-08-01T07:08:30Z
PAL_function_manifest.json	198699	7cb0b5b56d2043590d2deffd982e8a76b0d2853495d896e28e93b4a7a7d73534	2026-08-01T07:08:30Z
PAL_jump_table.json	13045	8d5a6a76e790cde0d2d531ff8c749e97f32842af166771c9c9fa8d3e7a15dc94	2026-08-01T07:08:30Z
PAL_stdio_strings.json	4200	1893955ae04efbbbe568fdd75dc07be292d75caee725ce803a5d4e8a41e903c2	2026-08-01T07:08:03Z
functions/__init__.py	106	33c5213e53125e65dc97da261daf962fbaf57159117916c75d63156889d86adf	2026-08-01T07:08:03Z
functions/f_0000000000101000_init.exec.py	1612	073a6c93dfbc7589addb0b141efbdbf83c1c3c504f06eaf85f7bd5bd8cc80229	2026-08-01T07:08:04Z
functions/f_0000000000101000_init.icecube.json.gz	129496	22e6a53571ac452f8c26b432615af82043b3431e2b7dd9837546be37b674b919	2026-08-01T07:08:26Z
functions/f_0000000000101000_init.pipeline.capture.json	1288	ab51a3083f269b5535b6e5b00816eefd73dfe987a0b824082df0742987950a3a	2026-08-01T07:08:04Z
functions/f_0000000000101000_init.pipeline.log	27611	985fc1d0055ad7e23f64d7f1b38397f1e623a5bfb6a21f70d1b23c382b25f4b7	2026-08-01T07:08:04Z
functions/f_0000000000101000_init.pipeline.stderr.log	0	e3b0c44298fc1c149afbf4c8996fb92427ae41e4649b934ca495991b7852b855	2026-08-01T07:08:03Z
functions/f_0000000000101000_init.pipeline.stdout.log	27611	985fc1d0055ad7e23f64d7f1b38397f1e623a5bfb6a21f70d1b23c382b25f4b7	2026-08-01T07:08:04Z
functions/f_0000000000101000_init.read.py	1382	fba105cb29676f7ce33deb4c5d0071f34ae96df9f7effad6c8012adc1c166feb	2026-08-01T07:08:04Z
functions/f_0000000000101020_FUN_00101020.exec.py	1370	42e924178b99f85ac2ec7c257c731d2ec79ad6f0e8f23d9d03444e52db806b20	2026-08-01T07:08:04Z
functions/f_0000000000101020_FUN_00101020.icecube.json.gz	37740	90b48ae560d5fff3d46a61bf032524608d708a3bd4d56d5622a0af9c1f5b0810	2026-08-01T07:08:26Z
functions/f_0000000000101020_FUN_00101020.pipeline.capture.json	1334	47cc72a5c0a76c3a0ed39908eb45e4410d464d9b7d248d8d0b3de3c30fb06c69	2026-08-01T07:08:04Z
functions/f_0000000000101020_FUN_00101020.pipeline.log	19540	01c44598226a7cd8cbaaae7d54739138dc4ddcf649637b112e89023eb73e63cf	2026-08-01T07:08:04Z
functions/f_0000000000101020_FUN_00101020.pipeline.stderr.log	0	e3b0c44298fc1c149afbf4c8996fb92427ae41e4649b934ca495991b7852b855	2026-08-01T07:08:04Z
functions/f_0000000000101020_FUN_00101020.pipeline.stdout.log	19540	01c44598226a7cd8cbaaae7d54739138dc4ddcf649637b112e89023eb73e63cf	2026-08-01T07:08:04Z
functions/f_0000000000101020_FUN_00101020.read.py	1280	e216e79aa3f1bcf3d2c39f0a2c32b6c8c1bf3e2c92ffb3f3632607d8da991d6f	2026-08-01T07:08:04Z
functions/f_0000000000101030_puts.exec.py	1504	01c59cb5e44d463c47a4e67a47c471cc2dd645223029c69c69978b09ae4b50d6	2026-08-01T07:08:04Z
functions/f_0000000000101030_puts.icecube.json.gz	38691	3d8627132c7be11df77130316cfda1cfde9b9e7d4cfbd85bcd45624e67a1a796	2026-08-01T07:08:26Z
functions/f_0000000000101030_puts.pipeline.capture.json	1290	ad49e50b705feaaa43e72d24ce6caf9877dd6295cac536ada7fbb893e65385ad	2026-08-01T07:08:04Z
functions/f_0000000000101030_puts.pipeline.log	23385	e9ff80a29047de22b3e01e773a2f06e3715ed6e1d445f9ddcd1dd08f67785464	2026-08-01T07:08:04Z
functions/f_0000000000101030_puts.pipeline.stderr.log	0	e3b0c44298fc1c149afbf4c8996fb92427ae41e4649b934ca495991b7852b855	2026-08-01T07:08:04Z
functions/f_0000000000101030_puts.pipeline.stdout.log	23385	e9ff80a29047de22b3e01e773a2f06e3715ed6e1d445f9ddcd1dd08f67785464	2026-08-01T07:08:04Z
functions/f_0000000000101030_puts.read.py	1290	401dc175cebc2ab509dc4d68fb3f0d48cb03ba505c82e1148d124d33dbf0681c	2026-08-01T07:08:04Z
functions/f_0000000000101040_printf.exec.py	1611	2200b054c455b75f541a489765c3ec441f133fe85dc12a7a8f8654f7797c7503	2026-08-01T07:08:05Z
functions/f_0000000000101040_printf.icecube.json.gz	39167	212e80bd879a8a310b70b1b911fc5005bf0c074d2e8c4a0dfdb53019bf32a107	2026-08-01T07:08:26Z
functions/f_0000000000101040_printf.pipeline.capture.json	1302	5161e98233a714638208c73356d5f9dcc8e353a89ece6254957ffdcdb63e2a7e	2026-08-01T07:08:05Z
functions/f_0000000000101040_printf.pipeline.log	23510	eb6c45294501a067df7f6c44490e75cadcb04ab8d551f63505c14381752ffbaf	2026-08-01T07:08:05Z
functions/f_0000000000101040_printf.pipeline.stderr.log	0	e3b0c44298fc1c149afbf4c8996fb92427ae41e4649b934ca495991b7852b855	2026-08-01T07:08:04Z
functions/f_0000000000101040_printf.pipeline.stdout.log	23510	eb6c45294501a067df7f6c44490e75cadcb04ab8d551f63505c14381752ffbaf	2026-08-01T07:08:05Z
functions/f_0000000000101040_printf.read.py	1360	fb0674b9ad6fde143e27a3153065b429914f431b45df5d4d948cb6e043f3eafa	2026-08-01T07:08:05Z
functions/f_0000000000101050_fgets.exec.py	1525	d7329da8430ef43e5b6b3ef6b5cdf471e0f1e474096d8b4d06aab5f3971705e0	2026-08-01T07:08:05Z
functions/f_0000000000101050_fgets.icecube.json.gz	42257	c2a7902987b71bb4b5f26f626383aca43aca237b346cf8e6c5609cad992526c6	2026-08-01T07:08:26Z
functions/f_0000000000101050_fgets.pipeline.capture.json	1296	4bc232cc9966f1f577b98b13b54d7afe2fb7a40113e47a70563b79824bf64ee4	2026-08-01T07:08:05Z
functions/f_0000000000101050_fgets.pipeline.log	27883	addfa45ffaa2dd96e152491263a1c8e9da66fb78dc17ca7803bba381c7a87845	2026-08-01T07:08:05Z
functions/f_0000000000101050_fgets.pipeline.stderr.log	0	e3b0c44298fc1c149afbf4c8996fb92427ae41e4649b934ca495991b7852b855	2026-08-01T07:08:05Z
functions/f_0000000000101050_fgets.pipeline.stdout.log	27883	addfa45ffaa2dd96e152491263a1c8e9da66fb78dc17ca7803bba381c7a87845	2026-08-01T07:08:05Z
functions/f_0000000000101050_fgets.read.py	1311	4f93218064815405800593806a837bedd48e304e6a67699896cee92964218ca9	2026-08-01T07:08:05Z
functions/f_0000000000101060_cxa_finalize.exec.py	1393	dfdc3069d1a56af265a4193e43c2a2fc3a9321f1fff2329a0c0ffbfbe8800480	2026-08-01T07:08:05Z
functions/f_0000000000101060_cxa_finalize.icecube.json.gz	31748	e549c268ef2f7ed40f8cfb3c23fba9d37ec6e15b6c4e7febbc9dfd2bf72cf461	2026-08-01T07:08:27Z
functions/f_0000000000101060_cxa_finalize.pipeline.capture.json	1342	641a7f861172c5334b882056697cd4978b6c561092a468dd7c9521f9e9b91260	2026-08-01T07:08:06Z
functions/f_0000000000101060_cxa_finalize.pipeline.log	19221	5c6e95a0a9c23fa0d11ebe87565b10efbd52c027593f77e6d74d5a155745230a	2026-08-01T07:08:05Z
functions/f_0000000000101060_cxa_finalize.pipeline.stderr.log	0	e3b0c44298fc1c149afbf4c8996fb92427ae41e4649b934ca495991b7852b855	2026-08-01T07:08:05Z
functions/f_0000000000101060_cxa_finalize.pipeline.stdout.log	19221	5c6e95a0a9c23fa0d11ebe87565b10efbd52c027593f77e6d74d5a155745230a	2026-08-01T07:08:05Z
functions/f_0000000000101060_cxa_finalize.read.py	1303	70b8e82139c0dfe15b6eb8c0ee06a5d04e120fba583ccf747ca0e959e6bb25a7	2026-08-01T07:08:05Z
functions/f_0000000000101070_start.exec.py	1733	7bbb5b25333fd34d6dcf33b6d1e9a0c0b4742de1ba81132404b2413a884bf203	2026-08-01T07:08:06Z
functions/f_0000000000101070_start.icecube.json.gz	56954	c88e3c3bf8d027f5b841d7f37f7e3311643c6f10385cedb4b2190bafecfa0a2e	2026-08-01T07:08:27Z
functions/f_0000000000101070_start.pipeline.capture.json	1294	055ba496e0853d060a1d60be9941414a7c7ee0c1d02caa6c3b3e34be2a54ffb9	2026-08-01T07:08:06Z
functions/f_0000000000101070_start.pipeline.log	22130	45331fcbe50283a6d49eb21c13d6a7bc165dbdc2959c93859c2f68948a756b2d	2026-08-01T07:08:06Z
functions/f_0000000000101070_start.pipeline.stderr.log	0	e3b0c44298fc1c149afbf4c8996fb92427ae41e4649b934ca495991b7852b855	2026-08-01T07:08:06Z
functions/f_0000000000101070_start.pipeline.stdout.log	22130	45331fcbe50283a6d49eb21c13d6a7bc165dbdc2959c93859c2f68948a756b2d	2026-08-01T07:08:06Z
functions/f_0000000000101070_start.read.py	1633	718438c5c8c64e5f9533dfb3f4a1cbfedf97fbdd0752c036894f9e77cbbc2de0	2026-08-01T07:08:06Z
functions/f_00000000001010a0_deregister_tm_clones.exec.py	1167	3c7a584116de6ac34c9db29d5788ad227591ff9d076b7ee7c72d823fa9f078d8	2026-08-01T07:08:06Z
functions/f_00000000001010a0_deregister_tm_clones.icecube.json.gz	18683	13c6c323ffddc0f2c2fa909b493c5bd9a2fbdf6e34c8fbb15fe55cd9e9e4e26c	2026-08-01T07:08:27Z
functions/f_00000000001010a0_deregister_tm_clones.pipeline.capture.json	1382	6176d015a802cf75b726cf68dfa5c2f69736952ed66b4304577aa027b949d90d	2026-08-01T07:08:06Z
functions/f_00000000001010a0_deregister_tm_clones.pipeline.log	16666	6221e930a1f4f50ed27c7ed682dd65046ac6bc0e798cfeb3b6764516552decd2	2026-08-01T07:08:06Z
functions/f_00000000001010a0_deregister_tm_clones.pipeline.stderr.log	0	e3b0c44298fc1c149afbf4c8996fb92427ae41e4649b934ca495991b7852b855	2026-08-01T07:08:06Z
functions/f_00000000001010a0_deregister_tm_clones.pipeline.stdout.log	16666	6221e930a1f4f50ed27c7ed682dd65046ac6bc0e798cfeb3b6764516552decd2	2026-08-01T07:08:06Z
functions/f_00000000001010a0_deregister_tm_clones.read.py	1221	0c0121553ee3f9b28f1aae7367f51b1f47a93e09f1ed7a0011ebc9603bfc4862	2026-08-01T07:08:06Z
functions/f_00000000001010d0_register_tm_clones.exec.py	1163	baae2224688314736f182a23b50660a9aaa00202556d08a53ab3ef5e37d525b4	2026-08-01T07:08:07Z
functions/f_00000000001010d0_register_tm_clones.icecube.json.gz	27266	4815bf455e5ed703c5c25b6a4eae290d09ac2981965713726757f050c5e6b5c1	2026-08-01T07:08:27Z
functions/f_00000000001010d0_register_tm_clones.pipeline.capture.json	1370	4b99f14943cfaaa173136cda4ed2340262c275eca3bcdfaaab1a7585067eab56	2026-08-01T07:08:07Z
functions/f_00000000001010d0_register_tm_clones.pipeline.log	17540	c4bd645398816e17ad727994a114d1d1bf06e4c8a4da2ee0f57ac237911983aa	2026-08-01T07:08:07Z
functions/f_00000000001010d0_register_tm_clones.pipeline.stderr.log	0	e3b0c44298fc1c149afbf4c8996fb92427ae41e4649b934ca495991b7852b855	2026-08-01T07:08:06Z
functions/f_00000000001010d0_register_tm_clones.pipeline.stdout.log	17540	c4bd645398816e17ad727994a114d1d1bf06e4c8a4da2ee0f57ac237911983aa	2026-08-01T07:08:07Z
functions/f_00000000001010d0_register_tm_clones.read.py	1217	351953baa1e6a46d64574f75aa193a81b50876edcec91a832f18a855cd2672e2	2026-08-01T07:08:07Z
functions/f_0000000000101110_do_global_dtors_aux.exec.py	1736	f5483375d32f6c1b4cbaaba9f9c74dba4a435669d4a7af1db628198586676036	2026-08-01T07:08:07Z
functions/f_0000000000101110_do_global_dtors_aux.icecube.json.gz	154424	af108aa1fc528b8df6d347c768665ea2b121e3940439aee311459c479e7fd03f	2026-08-01T07:08:27Z
functions/f_0000000000101110_do_global_dtors_aux.pipeline.capture.json	1380	6e52dd4297da061560ef683691e4698dc86f565057796818c250396e2e37590d	2026-08-01T07:08:07Z
functions/f_0000000000101110_do_global_dtors_aux.pipeline.log	28741	a568d40b562a0a16704b5eaa9a46296b8ccfffedb54d183f3893cc0c866c6165	2026-08-01T07:08:07Z
functions/f_0000000000101110_do_global_dtors_aux.pipeline.stderr.log	0	e3b0c44298fc1c149afbf4c8996fb92427ae41e4649b934ca495991b7852b855	2026-08-01T07:08:07Z
functions/f_0000000000101110_do_global_dtors_aux.pipeline.stdout.log	28741	a568d40b562a0a16704b5eaa9a46296b8ccfffedb54d183f3893cc0c866c6165	2026-08-01T07:08:07Z
functions/f_0000000000101110_do_global_dtors_aux.read.py	1483	c3bb1219746163ef289a41875de14220e893ac03a0d69ba971ec32163d452629	2026-08-01T07:08:07Z
functions/f_0000000000101150_frame_dummy.exec.py	1334	19df30dd0c37ee0207af3cd69cea7d4a06fe5a7a280fc39560adfce43cbd6d01	2026-08-01T07:08:08Z
functions/f_0000000000101150_frame_dummy.icecube.json.gz	24037	272f8855235132414858d4b22ee1f352cd9d461f7f7a2243fbc6b7ae40e75954	2026-08-01T07:08:27Z
functions/f_0000000000101150_frame_dummy.pipeline.capture.json	1328	fb6415e6950871c51becf1139df230b03d6d4a9d70d562c8e450ea107d1429aa	2026-08-01T07:08:08Z
functions/f_0000000000101150_frame_dummy.pipeline.log	16810	072fa429fa82b55ad96b54ccf9a41499288cb76224f2ceb22fd6376ae1912ad2	2026-08-01T07:08:08Z
functions/f_0000000000101150_frame_dummy.pipeline.stderr.log	0	e3b0c44298fc1c149afbf4c8996fb92427ae41e4649b934ca495991b7852b855	2026-08-01T07:08:07Z
functions/f_0000000000101150_frame_dummy.pipeline.stdout.log	16810	072fa429fa82b55ad96b54ccf9a41499288cb76224f2ceb22fd6376ae1912ad2	2026-08-01T07:08:08Z
functions/f_0000000000101150_frame_dummy.read.py	1278	a20c489b1f6a747f1edb04f7aff06e9e7063d0f9e314802c1b9a7f5f5f9b6f75	2026-08-01T07:08:08Z
functions/f_0000000000101159_initialize_lander.exec.py	1644	2213b697b69fc0de47647d0ef6e1b518b614d17346bf3b25977eb04f263edb01	2026-08-01T07:08:08Z
functions/f_0000000000101159_initialize_lander.icecube.json.gz	40244	318def9424149fcd7d03d7fa538bf51b318368f9faa3379521114b1a8ffc338e	2026-08-01T07:08:27Z
functions/f_0000000000101159_initialize_lander.pipeline.capture.json	1364	38ca5434231ef5b6411bdfe214d4767b6d43805ef2734062a3185ead36d587e0	2026-08-01T07:08:08Z
functions/f_0000000000101159_initialize_lander.pipeline.log	26907	57ebdb40608426b90cecb3ae8a4e82ef5ddd29aa74f25c47379867a246eefbe8	2026-08-01T07:08:08Z
functions/f_0000000000101159_initialize_lander.pipeline.stderr.log	0	e3b0c44298fc1c149afbf4c8996fb92427ae41e4649b934ca495991b7852b855	2026-08-01T07:08:08Z
functions/f_0000000000101159_initialize_lander.pipeline.stdout.log	26907	57ebdb40608426b90cecb3ae8a4e82ef5ddd29aa74f25c47379867a246eefbe8	2026-08-01T07:08:08Z
functions/f_0000000000101159_initialize_lander.read.py	1568	d07c0efe9e0e3db9d6174547026b4450b72dd1938ac644541400336f4da9000b	2026-08-01T07:08:08Z
functions/f_00000000001011b0_craft_row_for_altitude.exec.py	1894	c89ba05e985e253c5c04ba2c5a0945d4080b8835cad383b924f2bd7afc5fad73	2026-08-01T07:08:09Z
functions/f_00000000001011b0_craft_row_for_altitude.icecube.json.gz	224724	87276790663937374e876dc4c32f72ff7386e24c1a12054fe9f0bd9b3468e07a	2026-08-01T07:08:27Z
functions/f_00000000001011b0_craft_row_for_altitude.pipeline.capture.json	1394	a6a7258c64cac6ce78f1b91c5f7747f2993a66c469e7ec1c96d16a370858b4ea	2026-08-01T07:08:09Z
functions/f_00000000001011b0_craft_row_for_altitude.pipeline.log	35666	a0c40d45c7c9de707be94e41be12737ff22b27fd08eee2c6d22bfa6fbd110c11	2026-08-01T07:08:08Z
functions/f_00000000001011b0_craft_row_for_altitude.pipeline.stderr.log	0	e3b0c44298fc1c149afbf4c8996fb92427ae41e4649b934ca495991b7852b855	2026-08-01T07:08:08Z
functions/f_00000000001011b0_craft_row_for_altitude.pipeline.stdout.log	35666	a0c40d45c7c9de707be94e41be12737ff22b27fd08eee2c6d22bfa6fbd110c11	2026-08-01T07:08:08Z
functions/f_00000000001011b0_craft_row_for_altitude.read.py	1871	297ee86e4c4b5ee59144d07222867d439b8d8f468ed697d69de507d0c9f9b69d	2026-08-01T07:08:09Z
functions/f_0000000000101219_print_sky_row.exec.py	1541	398fad0ada31ab0133feb0568323c19ffd3d72e9ccc0440ed1d3334088eb1821	2026-08-01T07:08:09Z
functions/f_0000000000101219_print_sky_row.icecube.json.gz	49574	7553b3bf5ef87759795fddc5f7580a25f0e2632445bb98e3d7fca8ab2dec9f08	2026-08-01T07:08:27Z
functions/f_0000000000101219_print_sky_row.pipeline.capture.json	1340	a7c088ddf81777105b2c8ecf7a0b6115d487a064cef272d94f9daf85695654fe	2026-08-01T07:08:09Z
functions/f_0000000000101219_print_sky_row.pipeline.log	24211	0d714149b792c731c3d07298a983f8c379168459dbfdb1a06cf23be5c6582c4e	2026-08-01T07:08:09Z
functions/f_0000000000101219_print_sky_row.pipeline.stderr.log	0	e3b0c44298fc1c149afbf4c8996fb92427ae41e4649b934ca495991b7852b855	2026-08-01T07:08:09Z
functions/f_0000000000101219_print_sky_row.pipeline.stdout.log	24211	0d714149b792c731c3d07298a983f8c379168459dbfdb1a06cf23be5c6582c4e	2026-08-01T07:08:09Z
functions/f_0000000000101219_print_sky_row.read.py	1407	f47d41a51c1973b94a18774cc854d3faa3502fdd319130c8b2e87c781a81b8d1	2026-08-01T07:08:09Z
functions/f_0000000000101252_draw_lander.exec.py	4048	b4d08d4970d6451072fdc89ff2a2607adb6eac54959f89b1e0fb59a6f6ad4e90	2026-08-01T07:08:10Z
functions/f_0000000000101252_draw_lander.icecube.json.gz	245934	f688f5c13d81e02668a7ea4bf40ba1b40233d9ca26fb85638e5032b95d65aadd	2026-08-01T07:08:28Z
functions/f_0000000000101252_draw_lander.pipeline.capture.json	1329	b893c32941e1afea4fe32ddf3c246540c4553a0a93e33e149a748c40819b2bc2	2026-08-01T07:08:11Z
functions/f_0000000000101252_draw_lander.pipeline.log	39175	ac671d136cfc4d87d73d29799859a9cfd2c53d69094e27de753986b2010a507e	2026-08-01T07:08:10Z
functions/f_0000000000101252_draw_lander.pipeline.stderr.log	0	e3b0c44298fc1c149afbf4c8996fb92427ae41e4649b934ca495991b7852b855	2026-08-01T07:08:09Z
functions/f_0000000000101252_draw_lander.pipeline.stdout.log	39175	ac671d136cfc4d87d73d29799859a9cfd2c53d69094e27de753986b2010a507e	2026-08-01T07:08:10Z
functions/f_0000000000101252_draw_lander.read.py	2765	db19b904432b705cc9119c50fb42564fe6999e5ecb9502ec6a14ccfb3f63bec2	2026-08-01T07:08:10Z
functions/f_00000000001013bf_parse_burn.exec.py	1909	5396fd89e3a51002bbfd297d4018925d430b7bb855bceecdd73b3b0f36cc9987	2026-08-01T07:08:11Z
functions/f_00000000001013bf_parse_burn.icecube.json.gz	172487	9d08c7a46c0a4ae309e3938ff0d800955523370caa6c2e7d9dbd8462360817a6	2026-08-01T07:08:28Z
functions/f_00000000001013bf_parse_burn.pipeline.capture.json	1322	f5a80b0768d9487870c2d99e4948f9bf619d160344f202bf35f4e86318209e0e	2026-08-01T07:08:11Z
functions/f_00000000001013bf_parse_burn.pipeline.log	30876	13272d563db7ef835c71f914c4593c699310fd582d7747661727583d6ff70f16	2026-08-01T07:08:11Z
functions/f_00000000001013bf_parse_burn.pipeline.stderr.log	0	e3b0c44298fc1c149afbf4c8996fb92427ae41e4649b934ca495991b7852b855	2026-08-01T07:08:11Z
functions/f_00000000001013bf_parse_burn.pipeline.stdout.log	30876	13272d563db7ef835c71f914c4593c699310fd582d7747661727583d6ff70f16	2026-08-01T07:08:11Z
functions/f_00000000001013bf_parse_burn.read.py	1784	45e611a407dc3f6bcb764d39196dbc575c5a104fd9574b732ddfa024bf14645f	2026-08-01T07:08:11Z
functions/f_0000000000101437_read_burn.exec.py	2147	3c5e147f1ce17d39b687d08fd1781bcad1381bee255bb5e8241178e5eda19dba	2026-08-01T07:08:12Z
functions/f_0000000000101437_read_burn.icecube.json.gz	224411	e30c51ceb3cfffade1ac236f2f8061b0d2f3343348d97c1821f934b4e1e98545	2026-08-01T07:08:29Z
functions/f_0000000000101437_read_burn.pipeline.capture.json	1316	c24624a0f4c18dde2a420dec2589b2be81e83e6385320756d8c5ceefb8bf1534	2026-08-01T07:08:12Z
functions/f_0000000000101437_read_burn.pipeline.log	29306	a4151b4919aa3a8e1b3fe09e68be595f9bea2f86a80f39d1fdeb3a087992d49f	2026-08-01T07:08:12Z
functions/f_0000000000101437_read_burn.pipeline.stderr.log	0	e3b0c44298fc1c149afbf4c8996fb92427ae41e4649b934ca495991b7852b855	2026-08-01T07:08:11Z
functions/f_0000000000101437_read_burn.pipeline.stdout.log	29306	a4151b4919aa3a8e1b3fe09e68be595f9bea2f86a80f39d1fdeb3a087992d49f	2026-08-01T07:08:12Z
functions/f_0000000000101437_read_burn.read.py	1707	2862b19b515e7e1c17da9d6f71ce3ad1b4200db60f425ad9620561844a2c1d66	2026-08-01T07:08:12Z
functions/f_00000000001014a6_apply_burn.exec.py	3271	2cd11fc8e469232c9d04f189d52b607bd481a660f74a2913ad14ae2810b2c33b	2026-08-01T07:08:13Z
functions/f_00000000001014a6_apply_burn.icecube.json.gz	163986	55b64c42911242665cd2263eb2e7cb9d71d80a22f8551f7d8949644f9e8a5c4f	2026-08-01T07:08:29Z
functions/f_00000000001014a6_apply_burn.pipeline.capture.json	1323	aabd185e147356105102bd4da6977f2b80f86925d3ebef87bc0ac7c096031a11	2026-08-01T07:08:13Z
functions/f_00000000001014a6_apply_burn.pipeline.log	34142	6e37d5f884b9309364fb4925210f9d6c0b7fbb28d16e1d2465f52b93847689ca	2026-08-01T07:08:12Z
functions/f_00000000001014a6_apply_burn.pipeline.stderr.log	0	e3b0c44298fc1c149afbf4c8996fb92427ae41e4649b934ca495991b7852b855	2026-08-01T07:08:12Z
functions/f_00000000001014a6_apply_burn.pipeline.stdout.log	34142	6e37d5f884b9309364fb4925210f9d6c0b7fbb28d16e1d2465f52b93847689ca	2026-08-01T07:08:12Z
functions/f_00000000001014a6_apply_burn.read.py	2803	1bdce3f7daadb895e8b62a4c3fbf6c67781f8ba6a990b2684ba3064a3104db03	2026-08-01T07:08:13Z
functions/f_0000000000101596_print_result.exec.py	3229	c04ba3161ad2a265ca73d8edacc8e08015970184025fdf87ad46eec59c8eced3	2026-08-01T07:08:14Z
functions/f_0000000000101596_print_result.icecube.json.gz	153348	4c6b52801e11c58cbc868bc5bff5b667867ed78f319919bb1cfd88ee176e1daf	2026-08-01T07:08:29Z
functions/f_0000000000101596_print_result.pipeline.capture.json	1334	fe5f83e1c327d47de2f0488f3ef2aabcf0824b75587111f762c7211c8d9b1146	2026-08-01T07:08:14Z
functions/f_0000000000101596_print_result.pipeline.log	29475	a26fdda56e3ff5fab07156368c66d87236cf892c4e289bfaa78804c5aaa437b6	2026-08-01T07:08:14Z
functions/f_0000000000101596_print_result.pipeline.stderr.log	0	e3b0c44298fc1c149afbf4c8996fb92427ae41e4649b934ca495991b7852b855	2026-08-01T07:08:13Z
functions/f_0000000000101596_print_result.pipeline.stdout.log	29475	a26fdda56e3ff5fab07156368c66d87236cf892c4e289bfaa78804c5aaa437b6	2026-08-01T07:08:14Z
functions/f_0000000000101596_print_result.read.py	2232	213f3bd1f90b66d18c479d94e68b2ae5142faa22614cea55d94c1670d7350643	2026-08-01T07:08:14Z
functions/f_00000000001016bd_lander_exit_code.exec.py	1443	179ad15a1cd3ed76342f3f355705442d2bd8c0faf1c04e11bd25c81a9382831c	2026-08-01T07:08:14Z
functions/f_00000000001016bd_lander_exit_code.icecube.json.gz	107089	99fae71ec3e0d7c602bae0eb1d2d3c81b96aba2826a6881346893e1e1975c656	2026-08-01T07:08:29Z
functions/f_00000000001016bd_lander_exit_code.pipeline.capture.json	1358	b8fa0cb858cd3a463861f8110a4718756ed112f24fd8fe7edd3250ca7a1fd7eb	2026-08-01T07:08:15Z
functions/f_00000000001016bd_lander_exit_code.pipeline.log	24549	8b5695c228f5f3aa74a55b65a5c61baee41280c72d7fa3191576f66c5271e0ff	2026-08-01T07:08:14Z
functions/f_00000000001016bd_lander_exit_code.pipeline.stderr.log	0	e3b0c44298fc1c149afbf4c8996fb92427ae41e4649b934ca495991b7852b855	2026-08-01T07:08:14Z
functions/f_00000000001016bd_lander_exit_code.pipeline.stdout.log	24549	8b5695c228f5f3aa74a55b65a5c61baee41280c72d7fa3191576f66c5271e0ff	2026-08-01T07:08:14Z
functions/f_00000000001016bd_lander_exit_code.read.py	1424	3974629f96f385b974b9dc5ff9c3b7429d4473c7b13697e6eb0870eb86960c42	2026-08-01T07:08:14Z
functions/f_00000000001016f0_main.exec.py	3770	d525ee0294858559bd13e0935717116aedc2de053ad6dfda099d5590678edcfa	2026-08-01T07:08:15Z
functions/f_00000000001016f0_main.icecube.json.gz	294048	946ac9e8d26347e2efa0d1a324e8d74d3792739ffde7760346cb420627ff090e	2026-08-01T07:08:30Z
functions/f_00000000001016f0_main.pipeline.capture.json	1287	d64293350ab1255173b4b465c6fde9f8d2bcc3cb774f0d0ee015058700466b68	2026-08-01T07:08:16Z
functions/f_00000000001016f0_main.pipeline.log	36740	015951fdf71ed880909f5744a085bca6f4196589d34c23529a452a99e8c9be3d	2026-08-01T07:08:15Z
functions/f_00000000001016f0_main.pipeline.stderr.log	0	e3b0c44298fc1c149afbf4c8996fb92427ae41e4649b934ca495991b7852b855	2026-08-01T07:08:15Z
functions/f_00000000001016f0_main.pipeline.stdout.log	36740	015951fdf71ed880909f5744a085bca6f4196589d34c23529a452a99e8c9be3d	2026-08-01T07:08:15Z
functions/f_00000000001016f0_main.read.py	1981	5858278de097411546dfb6fda106d87c57f25ae40002dd891db404dcf9801606	2026-08-01T07:08:15Z
functions/f_0000000000101784_fini.exec.py	1137	3657003e795d56d33bd7044c93deec69cda8e31540647c6d2a9c20c26bf36b31	2026-08-01T07:08:16Z
functions/f_0000000000101784_fini.icecube.json.gz	19014	8687bf6236178cef05b9b1f1ec19ace7cb15b3ce47b53e10a2d0ae7a94b81065	2026-08-01T07:08:30Z
functions/f_0000000000101784_fini.pipeline.capture.json	1288	54a4d23d76fb51889c3412c3b359727442449e3f9286b58d5405a545d3bb5c7e	2026-08-01T07:08:16Z
functions/f_0000000000101784_fini.pipeline.log	16302	9b58631dd44a09869ae569b482e83405ca5fe4f43f9c916bccfbbb31b223ae60	2026-08-01T07:08:16Z
functions/f_0000000000101784_fini.pipeline.stderr.log	0	e3b0c44298fc1c149afbf4c8996fb92427ae41e4649b934ca495991b7852b855	2026-08-01T07:08:16Z
functions/f_0000000000101784_fini.pipeline.stdout.log	16302	9b58631dd44a09869ae569b482e83405ca5fe4f43f9c916bccfbbb31b223ae60	2026-08-01T07:08:16Z
functions/f_0000000000101784_fini.read.py	1191	f31374f8e70146a5c95ba1779dee2d1fa095c43764768e92decdae2991edc15e	2026-08-01T07:08:16Z
functions/f_0000000000105000_libc_start_main.exec.py	1165	9869421820d14b946792f79bbd84822d138afc23a7a653e9e8c9c2e87a9c8040	2026-08-01T07:08:16Z
functions/f_0000000000105000_libc_start_main.icecube.json.gz	15772	9c958fcadc51098edd0ad17d3e382d0cd7e9b2a468cfbb1f0809450740abda4a	2026-08-01T07:08:30Z
functions/f_0000000000105000_libc_start_main.pipeline.capture.json	1360	c8975d97f748207b483c003e32bc5b0070c3d86f7b29290c83877736a8a91f13	2026-08-01T07:08:16Z
functions/f_0000000000105000_libc_start_main.pipeline.log	16339	9bc555627c024c01bbf7a412937cd9fc00961491ea317e12df605550a8853b34	2026-08-01T07:08:16Z
functions/f_0000000000105000_libc_start_main.pipeline.stderr.log	0	e3b0c44298fc1c149afbf4c8996fb92427ae41e4649b934ca495991b7852b855	2026-08-01T07:08:16Z
functions/f_0000000000105000_libc_start_main.pipeline.stdout.log	16339	9bc555627c024c01bbf7a412937cd9fc00961491ea317e12df605550a8853b34	2026-08-01T07:08:16Z
functions/f_0000000000105000_libc_start_main.read.py	1219	226ed67eff71c19c5236782777571c56cde626a1f4b823c4c55b7b921ec38dae	2026-08-01T07:08:16Z
functions/f_0000000000105008_ITM_deregisterTMCloneTable.exec.py	1185	656236e74c1aa0ea55106b7e875126d74195a7153487f0a9734c15b87a60487f	2026-08-01T07:08:17Z
functions/f_0000000000105008_ITM_deregisterTMCloneTable.icecube.json.gz	15776	9b2778c45c9b8e9ce5a8de4fd4e18a2e0611957bcf865453aa5808742c95f967	2026-08-01T07:08:30Z
functions/f_0000000000105008_ITM_deregisterTMCloneTable.pipeline.capture.json	1424	d02f01858bac820caa4f8ec83bcfd2dc011ecfa342cb08018ea724b307ec973a	2026-08-01T07:08:17Z
functions/f_0000000000105008_ITM_deregisterTMCloneTable.pipeline.log	16380	84b8abca8cf091556dd1fbb45eaa8732e6de2c1d46b7dd073576389de07e175c	2026-08-01T07:08:17Z
functions/f_0000000000105008_ITM_deregisterTMCloneTable.pipeline.stderr.log	0	e3b0c44298fc1c149afbf4c8996fb92427ae41e4649b934ca495991b7852b855	2026-08-01T07:08:16Z
functions/f_0000000000105008_ITM_deregisterTMCloneTable.pipeline.stdout.log	16380	84b8abca8cf091556dd1fbb45eaa8732e6de2c1d46b7dd073576389de07e175c	2026-08-01T07:08:17Z
functions/f_0000000000105008_ITM_deregisterTMCloneTable.read.py	1239	6f165076ecc91a2a36ad826f8a2b08d3665501be8ad395aca1aebe89ad15f97c	2026-08-01T07:08:17Z
functions/f_0000000000105010_puts.exec.py	1341	edc4bff91ad2a80dffbabe0aba3300463ed8faa719e03d96d68634e8de2dc4c6	2026-08-01T07:08:17Z
functions/f_0000000000105010_puts.icecube.json.gz	19411	56e98acb109d61d08f38251fafebda057a1fd0aaa94d55d27c4fb3eea3800a79	2026-08-01T07:08:30Z
functions/f_0000000000105010_puts.pipeline.capture.json	1290	b88b0b0a6e328ab100e03b5c18b38d152e8436fcdda801790cf53d3ff4cac311	2026-08-01T07:08:17Z
functions/f_0000000000105010_puts.pipeline.log	20823	b592a6db45c618561f071ec3861efc835a241bea125cd7a65a15ea5fc3f2e194	2026-08-01T07:08:17Z
functions/f_0000000000105010_puts.pipeline.stderr.log	0	e3b0c44298fc1c149afbf4c8996fb92427ae41e4649b934ca495991b7852b855	2026-08-01T07:08:17Z
functions/f_0000000000105010_puts.pipeline.stdout.log	20823	b592a6db45c618561f071ec3861efc835a241bea125cd7a65a15ea5fc3f2e194	2026-08-01T07:08:17Z
functions/f_0000000000105010_puts.read.py	1256	2fcf19e9a22d85a4c8b479a944a429f794089ab01a4c09f16452b13698d9276d	2026-08-01T07:08:17Z
functions/f_0000000000105018_printf.exec.py	1446	6be8e38b1cdd56ce5dbac07480d0be01b8d69ebf3939ecbcf8c350b8b38d35b5	2026-08-01T07:08:17Z
functions/f_0000000000105018_printf.icecube.json.gz	19948	bec16ce05b2cd7ce3aec794ad5a0bc08963dc5b585e81fc607a41a03724da975	2026-08-01T07:08:30Z
functions/f_0000000000105018_printf.pipeline.capture.json	1302	a8837a9d03b65d681802c578818abe33e19554f16138b29ce9b9021cfa527d19	2026-08-01T07:08:17Z
functions/f_0000000000105018_printf.pipeline.log	20876	2600b54c840e7626b45f1b2a4d578fe15ca20a0b4415917aa8c337fe5d663287	2026-08-01T07:08:17Z
functions/f_0000000000105018_printf.pipeline.stderr.log	0	e3b0c44298fc1c149afbf4c8996fb92427ae41e4649b934ca495991b7852b855	2026-08-01T07:08:17Z
functions/f_0000000000105018_printf.pipeline.stdout.log	20876	2600b54c840e7626b45f1b2a4d578fe15ca20a0b4415917aa8c337fe5d663287	2026-08-01T07:08:17Z
functions/f_0000000000105018_printf.read.py	1324	dec236e493fbaab75db768216320c5de8f7fe5a61076291d4b166a8768cb22ef	2026-08-01T07:08:17Z
functions/f_0000000000105020_fgets.exec.py	1361	311df00e1d7431f07b46883a60a859e17e219867052d43e5ebc009dd9c5d28da	2026-08-01T07:08:17Z
functions/f_0000000000105020_fgets.icecube.json.gz	21734	52778cc9897f8f9187f833e2dee385b6c998c4f9487b3f32eb9f531d012671c7	2026-08-01T07:08:30Z
functions/f_0000000000105020_fgets.pipeline.capture.json	1296	375f0ac9b2cbf999511d90df9eb7151faf81e87ef44c69ba1eca4671559c1cc3	2026-08-01T07:08:18Z
functions/f_0000000000105020_fgets.pipeline.log	25042	da5968d2911d2a900c3e2de95f6bd168a3ebe4b2f71180e8e4476b3e7c230701	2026-08-01T07:08:17Z
functions/f_0000000000105020_fgets.pipeline.stderr.log	0	e3b0c44298fc1c149afbf4c8996fb92427ae41e4649b934ca495991b7852b855	2026-08-01T07:08:17Z
functions/f_0000000000105020_fgets.pipeline.stdout.log	25042	da5968d2911d2a900c3e2de95f6bd168a3ebe4b2f71180e8e4476b3e7c230701	2026-08-01T07:08:17Z
functions/f_0000000000105020_fgets.read.py	1276	b6aa6422c38cfd6703e72626ca550fc9787cb0cebd842d645165e6ef8d8e50e2	2026-08-01T07:08:17Z
functions/f_0000000000105028_gmon_start.exec.py	1159	5b686b64a2279833324dbc8f4ecdd4dde91b3d494d24f707d9a3fa84e81139c8	2026-08-01T07:08:18Z
functions/f_0000000000105028_gmon_start.icecube.json.gz	15741	078aa00dc27986f37587bed23f3dd5aee03b64ea7f3f8279232f85dea048f76d	2026-08-01T07:08:30Z
functions/f_0000000000105028_gmon_start.pipeline.capture.json	1334	8990cb0412d992b9eee42378a7950ad37738b530bf936d64c95f4b81d259089a	2026-08-01T07:08:18Z
functions/f_0000000000105028_gmon_start.pipeline.log	16325	c2f5365036bb9081f42695f26def2cc6f408281e6588973410f155535420b151	2026-08-01T07:08:18Z
functions/f_0000000000105028_gmon_start.pipeline.stderr.log	0	e3b0c44298fc1c149afbf4c8996fb92427ae41e4649b934ca495991b7852b855	2026-08-01T07:08:18Z
functions/f_0000000000105028_gmon_start.pipeline.stdout.log	16325	c2f5365036bb9081f42695f26def2cc6f408281e6588973410f155535420b151	2026-08-01T07:08:18Z
functions/f_0000000000105028_gmon_start.read.py	1213	cb7201484693a8ff44c592f6cffafab940fc713ac5b6f61bde3063a2e11175c6	2026-08-01T07:08:18Z
functions/f_0000000000105030_ITM_registerTMCloneTable.exec.py	1181	3760fe781444d24c6563081542b8376902c10e90b9cf5b11b21d97af5b1eef24	2026-08-01T07:08:18Z
functions/f_0000000000105030_ITM_registerTMCloneTable.icecube.json.gz	15780	48b63b6cfa2f0a40fa10d2247d7745273b164947f765667e25fcfb5429a5f249	2026-08-01T07:08:30Z
functions/f_0000000000105030_ITM_registerTMCloneTable.pipeline.capture.json	1412	7b9b8ecde748b3ad5befa5f2ce6f7e3f652f3b08d92a97a4146b2df1e6d95224	2026-08-01T07:08:18Z
functions/f_0000000000105030_ITM_registerTMCloneTable.pipeline.log	16372	d663c091cdf1835f6b346be88327ead53c3a727476d27d33bd2424f10d9d05b9	2026-08-01T07:08:18Z
functions/f_0000000000105030_ITM_registerTMCloneTable.pipeline.stderr.log	0	e3b0c44298fc1c149afbf4c8996fb92427ae41e4649b934ca495991b7852b855	2026-08-01T07:08:18Z
functions/f_0000000000105030_ITM_registerTMCloneTable.pipeline.stdout.log	16372	d663c091cdf1835f6b346be88327ead53c3a727476d27d33bd2424f10d9d05b9	2026-08-01T07:08:18Z
functions/f_0000000000105030_ITM_registerTMCloneTable.read.py	1235	5c33ba09682b66a2959660f262f3ad1a1f40b3884288b294a9072e7a4b222ab3	2026-08-01T07:08:18Z
functions/f_0000000000105038_cxa_finalize.exec.py	1159	5ee456a3d45b4bf0c00cbf158a73ed9b6daae70a1c9484f796d0202f0a9ede31	2026-08-01T07:08:18Z
functions/f_0000000000105038_cxa_finalize.icecube.json.gz	15763	b3e880f630caf8c731fea424138174de94b559ab4552b6c5062f47f193a692b5	2026-08-01T07:08:30Z
functions/f_0000000000105038_cxa_finalize.pipeline.capture.json	1342	56656ddc4b4da2445fc071257caee912426352ca79d168d9c43fa7d1df46c792	2026-08-01T07:08:18Z
functions/f_0000000000105038_cxa_finalize.pipeline.log	16327	6a0f20f862f4bed29c0185ade12c46c35483cb1789fe70104b8c188c2a9adbd2	2026-08-01T07:08:18Z
functions/f_0000000000105038_cxa_finalize.pipeline.stderr.log	0	e3b0c44298fc1c149afbf4c8996fb92427ae41e4649b934ca495991b7852b855	2026-08-01T07:08:18Z
functions/f_0000000000105038_cxa_finalize.pipeline.stdout.log	16327	6a0f20f862f4bed29c0185ade12c46c35483cb1789fe70104b8c188c2a9adbd2	2026-08-01T07:08:18Z
functions/f_0000000000105038_cxa_finalize.read.py	1213	f81e27744b1ee35af8ceb153688a3419b4f91fe145224a71e12bf0bbfc947b2f	2026-08-01T07:08:18Z
